Image,Label
1020.jpg,0
103.jpg,0
1053.jpg,0
1081.jpg,0
1082.jpg,0
144.jpg,0
145.jpg,5
156.jpg,0
20056.jpg,5
20057.jpg,0
20058.jpg,3
20059.jpg,2
20060.jpg,5
20061.jpg,0
20062.jpg,1
20064.jpg,0
20066.jpg,1
20067.jpg,0
20068.jpg,3
20069.jpg,5
20070.jpg,5
20071.jpg,3
20072.jpg,4
20073.jpg,0
20074.jpg,0
20075.jpg,5
20076.jpg,0
20077.jpg,3
20078.jpg,0
20079.jpg,5
20080.jpg,5
20081.jpg,3
20082.jpg,1
20083.jpg,0
20084.jpg,5
20085.jpg,3
20087.jpg,2
20088.jpg,5
20089.jpg,1
20090.jpg,5
20091.jpg,1
20092.jpg,2
20093.jpg,4
20094.jpg,0
20095.jpg,1
20096.jpg,0
20098.jpg,1
20099.jpg,3
20100.jpg,5
20106.jpg,4
20107.jpg,0
20108.jpg,1
20109.jpg,4
20111.jpg,4
20112.jpg,0
20113.jpg,0
20114.jpg,2
20115.jpg,3
20116.jpg,2
20117.jpg,1
20120.jpg,3
20123.jpg,3
20124.jpg,2
20126.jpg,0
20127.jpg,5
20129.jpg,3
20131.jpg,0
20133.jpg,3
20134.jpg,1
20136.jpg,0
20137.jpg,5
20138.jpg,3
20140.jpg,0
20142.jpg,2
20144.jpg,3
20147.jpg,0
20148.jpg,2
20150.jpg,1
20151.jpg,1
20152.jpg,0
20153.jpg,3
20154.jpg,3
20157.jpg,2
20158.jpg,1
20159.jpg,5
20160.jpg,2
20161.jpg,5
20162.jpg,5
20163.jpg,0
20164.jpg,2
20165.jpg,0
20166.jpg,5
20167.jpg,4
20168.jpg,0
20170.jpg,4
20171.jpg,2
20172.jpg,3
20173.jpg,1
20174.jpg,2
20175.jpg,1
20176.jpg,3
20177.jpg,0
20178.jpg,5
20179.jpg,2
20181.jpg,0
20183.jpg,5
20184.jpg,5
20185.jpg,2
20186.jpg,0
20187.jpg,2
20189.jpg,3
20190.jpg,2
20191.jpg,5
20194.jpg,5
20195.jpg,2
20198.jpg,0
20202.jpg,2
20204.jpg,2
20206.jpg,0
20207.jpg,0
20209.jpg,5
20210.jpg,2
20211.jpg,3
20212.jpg,2
20216.jpg,5
20218.jpg,0
20221.jpg,5
20222.jpg,5
20225.jpg,1
20226.jpg,3
20227.jpg,4
20228.jpg,0
20229.jpg,1
20230.jpg,2
20231.jpg,1
20232.jpg,3
20234.jpg,5
20236.jpg,3
20238.jpg,1
20240.jpg,4
20241.jpg,5
20242.jpg,1
20243.jpg,2
20245.jpg,0
20246.jpg,0
20247.jpg,2
20249.jpg,2
20250.jpg,5
20252.jpg,1
20253.jpg,2
20255.jpg,0
20256.jpg,2
20257.jpg,3
20259.jpg,5
20260.jpg,1
20261.jpg,1
20264.jpg,2
20265.jpg,4
20266.jpg,5
20267.jpg,0
20268.jpg,0
20269.jpg,4
20270.jpg,5
20271.jpg,3
20272.jpg,2
20273.jpg,2
20274.jpg,1
20275.jpg,2
20276.jpg,3
20277.jpg,3
20281.jpg,2
20282.jpg,3
20283.jpg,4
20285.jpg,0
20286.jpg,5
20287.jpg,2
20288.jpg,0
20289.jpg,4
20292.jpg,2
20293.jpg,0
20294.jpg,5
20296.jpg,5
20297.jpg,5
20299.jpg,1
20300.jpg,2
20303.jpg,0
20304.jpg,3
20305.jpg,2
20306.jpg,1
20307.jpg,2
20309.jpg,0
20310.jpg,0
20311.jpg,1
20313.jpg,2
20314.jpg,4
20315.jpg,1
20316.jpg,4
20317.jpg,4
20318.jpg,0
20319.jpg,1
20320.jpg,4
20322.jpg,1
20326.jpg,2
20327.jpg,3
20328.jpg,1
20329.jpg,2
20330.jpg,1
20331.jpg,0
20332.jpg,5
20333.jpg,3
20334.jpg,3
20335.jpg,5
20336.jpg,5
20337.jpg,5
20341.jpg,4
20342.jpg,2
20343.jpg,5
20344.jpg,0
20345.jpg,2
20346.jpg,0
20347.jpg,3
20348.jpg,0
20350.jpg,0
20352.jpg,2
20353.jpg,1
20355.jpg,2
20356.jpg,2
20357.jpg,5
20358.jpg,0
20359.jpg,0
20362.jpg,2
20363.jpg,3
20365.jpg,1
20366.jpg,5
20367.jpg,0
20370.jpg,5
20371.jpg,2
20372.jpg,2
20373.jpg,2
20374.jpg,4
20378.jpg,0
20379.jpg,0
20380.jpg,2
20382.jpg,4
20383.jpg,0
20384.jpg,1
20386.jpg,2
20387.jpg,1
20388.jpg,0
20389.jpg,2
20390.jpg,0
20392.jpg,3
20393.jpg,4
20394.jpg,0
20395.jpg,3
20397.jpg,3
20398.jpg,3
20400.jpg,1
20401.jpg,3
20402.jpg,4
20405.jpg,5
20406.jpg,2
20408.jpg,5
20409.jpg,2
20411.jpg,1
20413.jpg,2
20414.jpg,2
20416.jpg,3
20417.jpg,1
20418.jpg,2
20419.jpg,2
20421.jpg,3
20423.jpg,2
20424.jpg,0
20425.jpg,0
20427.jpg,3
20430.jpg,0
20431.jpg,1
20432.jpg,5
20433.jpg,2
20435.jpg,3
20436.jpg,0
20438.jpg,3
20439.jpg,1
20440.jpg,5
20441.jpg,0
20443.jpg,3
20444.jpg,3
20446.jpg,2
20447.jpg,1
20448.jpg,5
20449.jpg,0
20450.jpg,1
20454.jpg,0
20455.jpg,0
20457.jpg,4
20458.jpg,2
20459.jpg,0
20460.jpg,0
20461.jpg,2
20464.jpg,5
20465.jpg,1
20467.jpg,2
20472.jpg,4
20473.jpg,3
20474.jpg,5
20475.jpg,4
20476.jpg,2
20477.jpg,2
20479.jpg,0
20480.jpg,0
20482.jpg,4
20484.jpg,5
20485.jpg,1
20486.jpg,2
20487.jpg,5
20489.jpg,2
20490.jpg,2
20491.jpg,0
20493.jpg,5
20494.jpg,3
20495.jpg,2
20497.jpg,3
20498.jpg,0
20502.jpg,1
20504.jpg,0
20508.jpg,2
20510.jpg,1
20511.jpg,4
20512.jpg,3
20513.jpg,2
20515.jpg,4
20516.jpg,5
20517.jpg,2
20519.jpg,3
20520.jpg,2
20522.jpg,4
20524.jpg,0
20527.jpg,0
20528.jpg,3
20530.jpg,3
20531.jpg,0
20533.jpg,1
20534.jpg,4
20535.jpg,5
20536.jpg,0
20537.jpg,5
20539.jpg,2
20540.jpg,2
20541.jpg,3
20544.jpg,1
20545.jpg,3
20546.jpg,0
20549.jpg,0
20550.jpg,3
20553.jpg,0
20554.jpg,3
20555.jpg,0
20556.jpg,1
20558.jpg,5
20559.jpg,3
20560.jpg,2
20561.jpg,0
20563.jpg,1
20564.jpg,5
20565.jpg,3
20566.jpg,5
20567.jpg,2
20568.jpg,1
20570.jpg,2
20571.jpg,2
20572.jpg,5
20574.jpg,1
20575.jpg,0
20576.jpg,2
20577.jpg,3
20580.jpg,0
20581.jpg,0
20582.jpg,1
20584.jpg,3
20585.jpg,3
20586.jpg,5
20587.jpg,0
20589.jpg,3
20590.jpg,4
20591.jpg,5
20592.jpg,5
20595.jpg,3
20596.jpg,1
20597.jpg,0
20598.jpg,2
20599.jpg,3
20601.jpg,0
20602.jpg,5
20603.jpg,2
20605.jpg,1
20606.jpg,0
20608.jpg,3
20611.jpg,0
20612.jpg,3
20613.jpg,3
20615.jpg,0
20616.jpg,2
20617.jpg,3
20619.jpg,1
20620.jpg,1
20621.jpg,1
20622.jpg,0
20624.jpg,2
20626.jpg,3
20627.jpg,3
20628.jpg,0
20629.jpg,3
20630.jpg,0
20631.jpg,2
20633.jpg,3
20634.jpg,3
20635.jpg,0
20637.jpg,0
20638.jpg,1
20639.jpg,4
20640.jpg,2
20642.jpg,0
20643.jpg,4
20644.jpg,0
20646.jpg,0
20647.jpg,2
20648.jpg,0
20649.jpg,2
20650.jpg,1
20651.jpg,4
20652.jpg,5
20653.jpg,5
20655.jpg,3
20657.jpg,3
20658.jpg,2
20660.jpg,1
20662.jpg,2
20663.jpg,0
20664.jpg,2
20665.jpg,5
20666.jpg,3
20668.jpg,4
20670.jpg,5
20671.jpg,0
20672.jpg,3
20674.jpg,1
20676.jpg,3
20677.jpg,5
20678.jpg,0
20679.jpg,0
20680.jpg,2
20683.jpg,5
20684.jpg,3
20685.jpg,0
20686.jpg,1
20687.jpg,4
20688.jpg,0
20690.jpg,0
20691.jpg,3
20692.jpg,3
20694.jpg,0
20695.jpg,0
20696.jpg,0
20702.jpg,3
20703.jpg,0
20704.jpg,2
20705.jpg,5
20706.jpg,2
20709.jpg,0
20710.jpg,0
20712.jpg,2
20713.jpg,2
20714.jpg,1
20717.jpg,1
20718.jpg,1
20719.jpg,5
20720.jpg,2
20722.jpg,3
20723.jpg,0
20725.jpg,0
20726.jpg,2
20728.jpg,1
20730.jpg,0
20731.jpg,1
20732.jpg,4
20733.jpg,0
20734.jpg,5
20735.jpg,0
20737.jpg,3
20738.jpg,3
20739.jpg,2
20740.jpg,0
20741.jpg,3
20742.jpg,2
20745.jpg,3
20746.jpg,2
20748.jpg,0
20750.jpg,5
20751.jpg,0
20752.jpg,0
20753.jpg,2
20754.jpg,1
20756.jpg,1
20757.jpg,3
20759.jpg,2
20761.jpg,1
20762.jpg,4
20763.jpg,0
20764.jpg,0
20765.jpg,0
20766.jpg,0
20767.jpg,3
20769.jpg,4
20770.jpg,4
20771.jpg,1
20774.jpg,1
20776.jpg,0
20777.jpg,0
20779.jpg,1
20781.jpg,3
20782.jpg,1
20783.jpg,2
20785.jpg,1
20788.jpg,0
20794.jpg,1
20796.jpg,4
20798.jpg,5
20799.jpg,0
20800.jpg,1
20801.jpg,1
20802.jpg,2
20804.jpg,0
20805.jpg,0
20806.jpg,5
20807.jpg,1
20808.jpg,5
20810.jpg,2
20811.jpg,4
20812.jpg,5
20813.jpg,5
20815.jpg,2
20816.jpg,1
20818.jpg,5
20819.jpg,5
20820.jpg,2
20821.jpg,2
20822.jpg,3
20825.jpg,1
20826.jpg,5
20828.jpg,0
20831.jpg,1
20832.jpg,2
20833.jpg,1
20834.jpg,2
20835.jpg,5
20838.jpg,5
20840.jpg,3
20841.jpg,2
20842.jpg,2
20843.jpg,5
20844.jpg,2
20846.jpg,5
20847.jpg,3
20848.jpg,0
20851.jpg,4
20853.jpg,3
20854.jpg,2
20856.jpg,0
20857.jpg,2
20858.jpg,0
20860.jpg,4
20863.jpg,5
20864.jpg,2
20866.jpg,4
20867.jpg,3
20868.jpg,2
20869.jpg,3
20870.jpg,3
20871.jpg,3
20872.jpg,2
20873.jpg,4
20874.jpg,0
20876.jpg,4
20878.jpg,4
20879.jpg,3
20882.jpg,2
20884.jpg,0
20885.jpg,1
20887.jpg,2
20888.jpg,5
20889.jpg,2
20890.jpg,2
20892.jpg,5
20893.jpg,4
20894.jpg,1
20895.jpg,0
20896.jpg,0
20897.jpg,5
20898.jpg,0
20899.jpg,5
20900.jpg,1
20903.jpg,5
20904.jpg,0
20905.jpg,3
20906.jpg,2
20907.jpg,5
20908.jpg,3
20909.jpg,3
20910.jpg,2
20911.jpg,2
20915.jpg,5
20916.jpg,1
20917.jpg,2
20918.jpg,0
20921.jpg,2
20922.jpg,0
20924.jpg,3
20925.jpg,1
20926.jpg,5
20927.jpg,1
20928.jpg,0
20929.jpg,1
20930.jpg,1
20931.jpg,5
20933.jpg,2
20934.jpg,5
20935.jpg,5
20937.jpg,5
20938.jpg,1
20940.jpg,2
20941.jpg,3
20942.jpg,2
20944.jpg,5
20946.jpg,4
20947.jpg,1
20948.jpg,2
20949.jpg,2
20950.jpg,2
20952.jpg,0
20953.jpg,0
20954.jpg,3
20955.jpg,4
20958.jpg,1
20959.jpg,2
20960.jpg,0
20961.jpg,3
20962.jpg,2
20963.jpg,5
20965.jpg,2
20966.jpg,0
20968.jpg,0
20970.jpg,2
20971.jpg,3
20972.jpg,5
20974.jpg,3
20975.jpg,2
20976.jpg,3
20978.jpg,1
20980.jpg,3
20981.jpg,0
20982.jpg,2
20983.jpg,2
20984.jpg,1
20985.jpg,4
20986.jpg,4
20988.jpg,0
20989.jpg,2
20991.jpg,3
20992.jpg,3
20994.jpg,5
20995.jpg,0
20996.jpg,1
20998.jpg,2
20999.jpg,3
21000.jpg,2
21001.jpg,1
21004.jpg,4
21006.jpg,4
21007.jpg,5
21008.jpg,2
21011.jpg,0
21012.jpg,4
21013.jpg,3
21014.jpg,2
21016.jpg,1
21017.jpg,0
21018.jpg,1
21019.jpg,3
21020.jpg,1
21022.jpg,0
21024.jpg,2
21025.jpg,4
21027.jpg,2
21032.jpg,3
21034.jpg,5
21035.jpg,2
21036.jpg,3
21037.jpg,4
21038.jpg,3
21040.jpg,3
21041.jpg,0
21042.jpg,3
21043.jpg,2
21044.jpg,0
21045.jpg,0
21046.jpg,1
21047.jpg,3
21049.jpg,2
21052.jpg,1
21053.jpg,2
21054.jpg,1
21055.jpg,3
21058.jpg,0
21059.jpg,3
21060.jpg,2
21061.jpg,3
21062.jpg,0
21063.jpg,2
21064.jpg,4
21065.jpg,3
21066.jpg,0
21067.jpg,4
21069.jpg,0
21073.jpg,4
21076.jpg,2
21077.jpg,5
21078.jpg,2
21081.jpg,5
21083.jpg,3
21085.jpg,3
21086.jpg,0
21087.jpg,1
21090.jpg,2
21091.jpg,1
21092.jpg,2
21093.jpg,4
21095.jpg,1
21096.jpg,3
21097.jpg,1
21098.jpg,2
21099.jpg,0
21100.jpg,5
21101.jpg,5
21102.jpg,3
21104.jpg,0
21105.jpg,1
21106.jpg,1
21107.jpg,5
21108.jpg,1
21115.jpg,3
21118.jpg,4
21119.jpg,2
21120.jpg,5
21121.jpg,0
21123.jpg,2
21125.jpg,1
21126.jpg,1
21128.jpg,0
21129.jpg,4
21130.jpg,4
21135.jpg,0
21136.jpg,2
21137.jpg,5
21138.jpg,4
21139.jpg,1
21141.jpg,0
21142.jpg,5
21143.jpg,5
21144.jpg,4
21146.jpg,4
21148.jpg,3
21149.jpg,2
21150.jpg,1
21151.jpg,0
21152.jpg,0
21153.jpg,2
21154.jpg,5
21155.jpg,2
21156.jpg,2
21158.jpg,0
21159.jpg,0
21161.jpg,4
21162.jpg,3
21163.jpg,4
21167.jpg,5
21168.jpg,4
21169.jpg,1
21170.jpg,0
21173.jpg,3
21174.jpg,5
21175.jpg,5
21176.jpg,4
21177.jpg,1
21179.jpg,1
21182.jpg,3
21183.jpg,2
21185.jpg,5
21186.jpg,2
21187.jpg,1
21191.jpg,2
21192.jpg,2
21196.jpg,1
21197.jpg,4
21198.jpg,1
21199.jpg,3
21200.jpg,5
21201.jpg,3
21203.jpg,5
21206.jpg,1
21207.jpg,1
21209.jpg,5
21210.jpg,2
21212.jpg,1
21213.jpg,2
21214.jpg,4
21215.jpg,2
21216.jpg,3
21217.jpg,4
21220.jpg,5
21221.jpg,3
21222.jpg,4
21224.jpg,4
21225.jpg,5
21226.jpg,3
21227.jpg,2
21229.jpg,0
21230.jpg,0
21231.jpg,2
21232.jpg,0
21233.jpg,0
21234.jpg,3
21236.jpg,3
21237.jpg,3
21238.jpg,1
21239.jpg,2
21240.jpg,1
21241.jpg,5
21242.jpg,5
21243.jpg,3
21244.jpg,4
21245.jpg,4
21246.jpg,5
21247.jpg,3
21248.jpg,0
21250.jpg,1
21254.jpg,1
21255.jpg,3
21256.jpg,3
21257.jpg,0
21258.jpg,4
21259.jpg,2
21260.jpg,5
21262.jpg,3
21263.jpg,2
21266.jpg,4
21269.jpg,2
21271.jpg,0
21272.jpg,4
21274.jpg,2
21276.jpg,3
21277.jpg,3
21278.jpg,2
21279.jpg,0
21280.jpg,3
21281.jpg,5
21285.jpg,3
21286.jpg,0
21287.jpg,5
21288.jpg,2
21290.jpg,2
21291.jpg,0
21292.jpg,4
21293.jpg,0
21294.jpg,0
21296.jpg,5
21297.jpg,1
21298.jpg,1
21301.jpg,4
21302.jpg,4
21303.jpg,2
21304.jpg,2
21305.jpg,0
21306.jpg,0
21307.jpg,2
21309.jpg,0
21310.jpg,1
21311.jpg,0
21313.jpg,4
21314.jpg,3
21316.jpg,1
21317.jpg,1
21318.jpg,0
21319.jpg,0
21320.jpg,2
21325.jpg,1
21328.jpg,2
21329.jpg,2
21334.jpg,3
21336.jpg,4
21339.jpg,0
21340.jpg,3
21341.jpg,0
21342.jpg,0
21343.jpg,3
21344.jpg,1
21345.jpg,1
21347.jpg,5
21348.jpg,3
21349.jpg,3
21350.jpg,5
21352.jpg,1
21353.jpg,3
21354.jpg,5
21355.jpg,5
21356.jpg,3
21357.jpg,2
21358.jpg,1
21359.jpg,5
21360.jpg,0
21361.jpg,4
21362.jpg,1
21363.jpg,4
21364.jpg,3
21366.jpg,1
21367.jpg,0
21368.jpg,4
21369.jpg,3
21371.jpg,1
21373.jpg,1
21375.jpg,1
21376.jpg,3
21377.jpg,3
21378.jpg,4
21380.jpg,0
21381.jpg,5
21383.jpg,3
21385.jpg,3
21386.jpg,0
21387.jpg,0
21389.jpg,3
21390.jpg,2
21392.jpg,2
21393.jpg,3
21396.jpg,3
21399.jpg,0
21400.jpg,5
21401.jpg,5
21405.jpg,4
21406.jpg,2
21407.jpg,3
21409.jpg,2
21410.jpg,0
21411.jpg,2
21412.jpg,2
21414.jpg,2
21415.jpg,3
21417.jpg,3
21418.jpg,4
21419.jpg,0
21421.jpg,3
21422.jpg,1
21423.jpg,5
21426.jpg,0
21427.jpg,5
21428.jpg,0
21430.jpg,1
21431.jpg,1
21432.jpg,5
21433.jpg,0
21434.jpg,5
21435.jpg,1
21437.jpg,2
21442.jpg,3
21443.jpg,1
21445.jpg,0
21447.jpg,0
21448.jpg,3
21450.jpg,2
21452.jpg,3
21453.jpg,0
21454.jpg,5
21455.jpg,2
21456.jpg,4
21458.jpg,1
21459.jpg,1
21461.jpg,0
21462.jpg,3
21463.jpg,2
21464.jpg,2
21465.jpg,4
21466.jpg,0
21468.jpg,3
21469.jpg,2
21470.jpg,0
21472.jpg,2
21473.jpg,2
21475.jpg,2
21476.jpg,4
21478.jpg,2
21479.jpg,5
21480.jpg,0
21481.jpg,3
21483.jpg,5
21484.jpg,1
21485.jpg,0
21486.jpg,3
21488.jpg,4
21490.jpg,4
21491.jpg,1
21492.jpg,3
21494.jpg,5
21496.jpg,0
21497.jpg,1
21498.jpg,3
21499.jpg,5
21501.jpg,0
21503.jpg,5
21504.jpg,0
21505.jpg,0
21506.jpg,0
21507.jpg,4
21510.jpg,0
21512.jpg,2
21513.jpg,4
21514.jpg,0
21516.jpg,0
21517.jpg,3
21518.jpg,2
21519.jpg,4
21522.jpg,5
21524.jpg,2
21525.jpg,3
21526.jpg,5
21527.jpg,0
21529.jpg,1
21533.jpg,4
21535.jpg,2
21537.jpg,2
21538.jpg,1
21539.jpg,1
21542.jpg,4
21543.jpg,2
21544.jpg,3
21545.jpg,3
21546.jpg,4
21547.jpg,5
21551.jpg,2
21553.jpg,4
21554.jpg,0
21555.jpg,0
21556.jpg,2
21557.jpg,4
21558.jpg,2
21559.jpg,5
21560.jpg,5
21563.jpg,2
21564.jpg,5
21568.jpg,4
21569.jpg,3
21570.jpg,0
21572.jpg,5
21573.jpg,5
21574.jpg,1
21575.jpg,2
21576.jpg,4
21578.jpg,3
21580.jpg,0
21581.jpg,5
21583.jpg,5
21584.jpg,1
21586.jpg,1
21587.jpg,1
21589.jpg,0
21591.jpg,3
21592.jpg,2
21593.jpg,5
21596.jpg,2
21597.jpg,0
21598.jpg,2
21599.jpg,0
21600.jpg,3
21601.jpg,0
21603.jpg,3
21604.jpg,1
21605.jpg,4
21607.jpg,0
21609.jpg,4
21610.jpg,2
21611.jpg,1
21612.jpg,1
21613.jpg,2
21614.jpg,0
21615.jpg,2
21617.jpg,0
21618.jpg,4
21620.jpg,5
21621.jpg,0
21623.jpg,3
21624.jpg,4
21627.jpg,2
21630.jpg,0
21631.jpg,0
21632.jpg,3
21633.jpg,2
21634.jpg,1
21635.jpg,3
21638.jpg,3
21639.jpg,3
21640.jpg,5
21641.jpg,0
21643.jpg,3
21644.jpg,0
21645.jpg,1
21646.jpg,0
21647.jpg,3
21648.jpg,0
21649.jpg,3
21650.jpg,3
21651.jpg,2
21653.jpg,1
21655.jpg,3
21656.jpg,0
21657.jpg,4
21658.jpg,0
21659.jpg,3
21660.jpg,3
21662.jpg,2
21663.jpg,0
21664.jpg,2
21665.jpg,4
21666.jpg,3
21669.jpg,2
21670.jpg,0
21671.jpg,4
21674.jpg,5
21675.jpg,3
21676.jpg,2
21677.jpg,1
21678.jpg,1
21680.jpg,0
21682.jpg,5
21683.jpg,0
21684.jpg,2
21685.jpg,1
21686.jpg,3
21688.jpg,0
21689.jpg,0
21691.jpg,2
21694.jpg,5
21695.jpg,3
21697.jpg,3
21699.jpg,5
21701.jpg,3
21702.jpg,4
21703.jpg,0
21706.jpg,0
21707.jpg,2
21710.jpg,2
21711.jpg,3
21712.jpg,5
21714.jpg,2
21715.jpg,1
21717.jpg,0
21719.jpg,2
21720.jpg,1
21721.jpg,0
21722.jpg,5
21723.jpg,2
21724.jpg,5
21725.jpg,3
21726.jpg,4
21727.jpg,2
21729.jpg,2
21730.jpg,2
21731.jpg,5
21734.jpg,3
21735.jpg,5
21736.jpg,1
21737.jpg,4
21738.jpg,3
21740.jpg,4
21743.jpg,5
21744.jpg,5
21745.jpg,5
21747.jpg,2
21749.jpg,1
21750.jpg,3
21751.jpg,2
21754.jpg,0
21756.jpg,2
21759.jpg,3
21761.jpg,3
21762.jpg,5
21763.jpg,0
21764.jpg,0
21765.jpg,1
21766.jpg,2
21768.jpg,2
21769.jpg,0
21770.jpg,3
21771.jpg,2
21772.jpg,0
21774.jpg,3
21775.jpg,3
21776.jpg,5
21777.jpg,3
21779.jpg,0
21780.jpg,5
21781.jpg,3
21783.jpg,1
21784.jpg,3
21787.jpg,1
21788.jpg,4
21789.jpg,3
21790.jpg,4
21792.jpg,5
21793.jpg,0
21794.jpg,0
21797.jpg,4
21798.jpg,1
21799.jpg,2
21800.jpg,1
21801.jpg,0
21804.jpg,2
21805.jpg,2
21806.jpg,1
21807.jpg,4
21808.jpg,3
21810.jpg,5
21811.jpg,2
21812.jpg,2
21813.jpg,3
21814.jpg,1
21816.jpg,2
21817.jpg,0
21818.jpg,1
21819.jpg,3
21824.jpg,2
21826.jpg,3
21827.jpg,0
21828.jpg,4
21829.jpg,3
21832.jpg,3
21837.jpg,0
21840.jpg,3
21841.jpg,5
21842.jpg,2
21843.jpg,1
21844.jpg,4
21845.jpg,2
21846.jpg,4
21849.jpg,2
21851.jpg,0
21852.jpg,1
21853.jpg,0
21855.jpg,1
21856.jpg,5
21857.jpg,5
21858.jpg,5
21859.jpg,2
21860.jpg,2
21861.jpg,2
21862.jpg,2
21864.jpg,1
21865.jpg,2
21866.jpg,5
21868.jpg,1
21870.jpg,2
21872.jpg,2
21873.jpg,1
21874.jpg,2
21875.jpg,3
21876.jpg,3
21879.jpg,2
21881.jpg,2
21884.jpg,1
21885.jpg,0
21887.jpg,1
21889.jpg,0
21890.jpg,1
21892.jpg,5
21893.jpg,3
21894.jpg,1
21895.jpg,3
21896.jpg,0
21897.jpg,0
21898.jpg,3
21900.jpg,1
21903.jpg,3
21904.jpg,1
21905.jpg,0
21906.jpg,2
21907.jpg,2
21908.jpg,5
21909.jpg,4
21910.jpg,5
21911.jpg,1
21912.jpg,3
21913.jpg,5
21915.jpg,3
21916.jpg,5
21917.jpg,4
21918.jpg,4
21919.jpg,1
21921.jpg,1
21923.jpg,0
21924.jpg,2
21926.jpg,2
21929.jpg,5
21932.jpg,1
21933.jpg,5
21934.jpg,2
21935.jpg,2
21936.jpg,0
21937.jpg,3
21940.jpg,4
21941.jpg,5
21942.jpg,2
21943.jpg,4
21945.jpg,0
21947.jpg,5
21948.jpg,0
21949.jpg,0
21950.jpg,2
21954.jpg,3
21955.jpg,0
21956.jpg,5
21957.jpg,3
21959.jpg,5
21960.jpg,3
21961.jpg,2
21962.jpg,0
21964.jpg,1
21965.jpg,1
21967.jpg,2
21970.jpg,0
21972.jpg,1
21973.jpg,4
21977.jpg,0
21978.jpg,3
21979.jpg,0
21981.jpg,3
21982.jpg,2
21983.jpg,2
21984.jpg,3
21985.jpg,5
21986.jpg,2
21987.jpg,3
21989.jpg,5
21990.jpg,1
21991.jpg,0
21992.jpg,3
21993.jpg,4
21994.jpg,1
21995.jpg,2
21996.jpg,2
21999.jpg,3
22000.jpg,0
22001.jpg,2
22003.jpg,3
22004.jpg,1
22005.jpg,2
22009.jpg,2
22011.jpg,3
22012.jpg,3
22014.jpg,1
22015.jpg,2
22017.jpg,0
22019.jpg,2
22020.jpg,2
22021.jpg,0
22022.jpg,0
22024.jpg,5
22025.jpg,4
22026.jpg,2
22027.jpg,3
22028.jpg,1
22029.jpg,4
22030.jpg,3
22031.jpg,0
22032.jpg,5
22034.jpg,2
22035.jpg,5
22036.jpg,2
22037.jpg,4
22038.jpg,3
22040.jpg,3
22042.jpg,3
22043.jpg,2
22045.jpg,0
22046.jpg,3
22048.jpg,2
22050.jpg,1
22051.jpg,3
22054.jpg,2
22057.jpg,5
22058.jpg,0
22062.jpg,0
22063.jpg,2
22064.jpg,5
22065.jpg,1
22066.jpg,4
22068.jpg,2
22070.jpg,2
22071.jpg,2
22072.jpg,2
22073.jpg,0
22074.jpg,1
22076.jpg,0
22078.jpg,2
22079.jpg,2
22082.jpg,5
22083.jpg,0
22085.jpg,3
22086.jpg,3
22087.jpg,1
22088.jpg,0
22089.jpg,2
22090.jpg,2
22091.jpg,2
22092.jpg,1
22093.jpg,1
22095.jpg,3
22096.jpg,1
22097.jpg,5
22098.jpg,0
22099.jpg,5
22100.jpg,4
22101.jpg,3
22102.jpg,4
22103.jpg,0
22104.jpg,2
22105.jpg,2
22107.jpg,3
22109.jpg,5
22110.jpg,0
22111.jpg,1
22112.jpg,2
22115.jpg,0
22116.jpg,1
22117.jpg,3
22119.jpg,5
22120.jpg,0
22121.jpg,4
22123.jpg,2
22124.jpg,2
22125.jpg,1
22126.jpg,3
22127.jpg,2
22128.jpg,1
22129.jpg,2
22130.jpg,2
22132.jpg,5
22133.jpg,2
22134.jpg,0
22136.jpg,1
22137.jpg,2
22138.jpg,4
22139.jpg,5
22140.jpg,3
22141.jpg,4
22143.jpg,4
22144.jpg,1
22145.jpg,4
22147.jpg,2
22149.jpg,1
22150.jpg,0
22152.jpg,0
22153.jpg,5
22154.jpg,4
22156.jpg,0
22157.jpg,3
22158.jpg,3
22159.jpg,3
22160.jpg,2
22161.jpg,2
22162.jpg,0
22163.jpg,1
22165.jpg,3
22166.jpg,5
22167.jpg,1
22168.jpg,3
22169.jpg,1
22171.jpg,0
22172.jpg,1
22173.jpg,3
22175.jpg,0
22176.jpg,4
22177.jpg,1
22179.jpg,1
22180.jpg,2
22182.jpg,2
22183.jpg,5
22184.jpg,2
22185.jpg,0
22186.jpg,3
22187.jpg,2
22188.jpg,3
22189.jpg,3
22191.jpg,3
22192.jpg,3
22193.jpg,2
22196.jpg,1
22197.jpg,1
22198.jpg,3
22199.jpg,3
222.jpg,0
22200.jpg,0
22201.jpg,1
22202.jpg,3
22203.jpg,3
22204.jpg,5
22205.jpg,2
22207.jpg,2
22208.jpg,0
22209.jpg,0
22210.jpg,0
22212.jpg,2
22214.jpg,3
22215.jpg,3
22216.jpg,5
22219.jpg,2
22220.jpg,2
22221.jpg,0
22222.jpg,2
22223.jpg,5
22227.jpg,0
22228.jpg,0
22230.jpg,0
22231.jpg,0
22232.jpg,5
22233.jpg,0
22234.jpg,0
22235.jpg,2
22237.jpg,0
22239.jpg,2
22240.jpg,1
22241.jpg,4
22243.jpg,1
22245.jpg,2
22246.jpg,0
22247.jpg,1
22249.jpg,0
22250.jpg,2
22251.jpg,3
22252.jpg,0
22253.jpg,3
22254.jpg,2
22255.jpg,0
22256.jpg,0
22257.jpg,0
22258.jpg,2
22259.jpg,2
22260.jpg,1
22261.jpg,3
22262.jpg,3
22264.jpg,2
22265.jpg,2
22266.jpg,4
22267.jpg,3
22268.jpg,1
22269.jpg,1
22271.jpg,3
22272.jpg,3
22273.jpg,2
22276.jpg,3
22277.jpg,3
22278.jpg,3
22279.jpg,2
22280.jpg,1
22283.jpg,5
22284.jpg,0
22286.jpg,0
22289.jpg,1
22290.jpg,4
22291.jpg,1
22293.jpg,1
22294.jpg,4
22295.jpg,0
22296.jpg,0
22299.jpg,1
22301.jpg,5
22304.jpg,2
22306.jpg,3
22307.jpg,1
22308.jpg,1
22309.jpg,3
22310.jpg,2
22311.jpg,5
22314.jpg,5
22315.jpg,5
22316.jpg,5
22317.jpg,0
22318.jpg,2
22320.jpg,2
22321.jpg,4
22322.jpg,5
22325.jpg,4
22326.jpg,4
22328.jpg,3
22329.jpg,0
22330.jpg,0
22331.jpg,1
22335.jpg,3
22336.jpg,1
22337.jpg,4
22338.jpg,0
22339.jpg,0
22340.jpg,2
22341.jpg,0
22342.jpg,1
22343.jpg,3
22345.jpg,0
22346.jpg,3
22347.jpg,2
22349.jpg,3
22350.jpg,3
22351.jpg,0
22353.jpg,3
22354.jpg,2
22355.jpg,1
22356.jpg,5
22357.jpg,1
22358.jpg,2
22360.jpg,0
22362.jpg,2
22366.jpg,1
22368.jpg,2
22369.jpg,0
22370.jpg,5
22372.jpg,5
22373.jpg,0
22374.jpg,2
22375.jpg,5
22376.jpg,0
22377.jpg,3
22378.jpg,5
22379.jpg,2
22380.jpg,5
22382.jpg,3
22383.jpg,0
22384.jpg,0
22385.jpg,0
22386.jpg,4
22387.jpg,2
22388.jpg,0
22389.jpg,0
22390.jpg,2
22391.jpg,3
22393.jpg,4
22394.jpg,3
22398.jpg,3
22399.jpg,2
22400.jpg,5
22401.jpg,1
22405.jpg,4
22406.jpg,5
22408.jpg,5
22409.jpg,1
22410.jpg,1
22411.jpg,2
22412.jpg,5
22414.jpg,4
22415.jpg,0
22416.jpg,1
22417.jpg,5
22420.jpg,0
22421.jpg,0
22423.jpg,0
22424.jpg,2
22425.jpg,5
22426.jpg,0
22427.jpg,1
22428.jpg,5
22431.jpg,3
22432.jpg,4
22433.jpg,3
22434.jpg,1
22436.jpg,0
22437.jpg,3
22438.jpg,2
22439.jpg,2
22440.jpg,4
22441.jpg,2
22442.jpg,0
22444.jpg,3
22446.jpg,0
22447.jpg,0
22448.jpg,0
22450.jpg,5
22451.jpg,3
22452.jpg,5
22453.jpg,0
22455.jpg,2
22457.jpg,5
22458.jpg,5
22459.jpg,2
22460.jpg,5
22461.jpg,5
22462.jpg,0
22464.jpg,0
22465.jpg,2
22467.jpg,0
22469.jpg,4
22470.jpg,5
22471.jpg,4
22472.jpg,1
22473.jpg,3
22475.jpg,4
22476.jpg,0
22478.jpg,4
22479.jpg,2
22481.jpg,5
22483.jpg,3
22484.jpg,3
22486.jpg,0
22487.jpg,3
22488.jpg,3
22490.jpg,1
22491.jpg,4
22493.jpg,3
22494.jpg,3
22495.jpg,5
22496.jpg,0
22500.jpg,2
22501.jpg,3
22502.jpg,2
22503.jpg,3
22504.jpg,3
22506.jpg,0
22508.jpg,4
22510.jpg,2
22511.jpg,3
22512.jpg,3
22513.jpg,2
22514.jpg,1
22515.jpg,3
22516.jpg,2
22517.jpg,1
22518.jpg,2
22520.jpg,2
22522.jpg,3
22525.jpg,2
22526.jpg,3
22527.jpg,5
22528.jpg,3
22531.jpg,0
22534.jpg,5
22536.jpg,3
22537.jpg,3
22538.jpg,1
22539.jpg,3
22540.jpg,1
22542.jpg,1
22543.jpg,3
22545.jpg,3
22546.jpg,3
22547.jpg,3
22550.jpg,1
22552.jpg,1
22553.jpg,2
22555.jpg,2
22556.jpg,2
22557.jpg,2
22558.jpg,0
22562.jpg,0
22563.jpg,5
22564.jpg,4
22565.jpg,4
22567.jpg,0
22568.jpg,0
22569.jpg,1
22570.jpg,1
22571.jpg,5
22572.jpg,4
22574.jpg,0
22575.jpg,1
22576.jpg,2
22577.jpg,5
22580.jpg,3
22581.jpg,2
22583.jpg,3
22585.jpg,3
22586.jpg,5
22587.jpg,0
22588.jpg,2
22589.jpg,2
22592.jpg,3
22593.jpg,5
22595.jpg,1
22596.jpg,5
22597.jpg,1
22598.jpg,0
22599.jpg,3
22600.jpg,3
22602.jpg,1
22603.jpg,2
22606.jpg,2
22608.jpg,3
22609.jpg,4
22614.jpg,0
22616.jpg,3
22617.jpg,3
22619.jpg,0
22620.jpg,4
22623.jpg,2
22624.jpg,1
22625.jpg,0
22626.jpg,0
22628.jpg,4
22629.jpg,1
22631.jpg,0
22632.jpg,0
22633.jpg,0
22634.jpg,3
22635.jpg,3
22636.jpg,3
22637.jpg,0
22639.jpg,1
22640.jpg,1
22642.jpg,0
22643.jpg,1
22644.jpg,5
22645.jpg,5
22646.jpg,3
22647.jpg,4
22648.jpg,3
22650.jpg,0
22652.jpg,5
22653.jpg,2
22654.jpg,5
22655.jpg,4
22656.jpg,5
22657.jpg,3
22660.jpg,3
22661.jpg,4
22663.jpg,3
22664.jpg,4
22665.jpg,0
22666.jpg,4
22667.jpg,4
22668.jpg,5
22669.jpg,5
22670.jpg,2
22671.jpg,0
22672.jpg,3
22673.jpg,0
22675.jpg,4
22676.jpg,0
22677.jpg,2
22678.jpg,3
22679.jpg,3
22681.jpg,2
22683.jpg,0
22685.jpg,3
22686.jpg,5
22687.jpg,2
22688.jpg,4
22689.jpg,0
22690.jpg,4
22691.jpg,5
22692.jpg,3
22694.jpg,4
22695.jpg,2
22696.jpg,2
22699.jpg,3
22700.jpg,3
22702.jpg,0
22703.jpg,1
22705.jpg,2
22706.jpg,0
22707.jpg,1
22708.jpg,5
22709.jpg,5
22710.jpg,0
22711.jpg,0
22712.jpg,0
22716.jpg,3
22717.jpg,0
22718.jpg,4
22719.jpg,3
22720.jpg,4
22721.jpg,3
22722.jpg,5
22723.jpg,1
22724.jpg,3
22725.jpg,5
22727.jpg,3
22730.jpg,4
22731.jpg,1
22732.jpg,2
22734.jpg,3
22735.jpg,0
22736.jpg,4
22737.jpg,5
22738.jpg,1
22740.jpg,5
22741.jpg,0
22742.jpg,2
22745.jpg,2
22746.jpg,4
22747.jpg,4
22748.jpg,1
22753.jpg,1
22754.jpg,2
22755.jpg,3
22756.jpg,4
22759.jpg,0
22760.jpg,5
22761.jpg,3
22763.jpg,1
22764.jpg,2
22765.jpg,3
22766.jpg,2
22767.jpg,2
22768.jpg,2
22769.jpg,3
22771.jpg,1
22774.jpg,1
22775.jpg,2
22776.jpg,0
22777.jpg,1
22778.jpg,5
22779.jpg,5
22780.jpg,0
22782.jpg,2
22784.jpg,0
22786.jpg,5
22789.jpg,1
22790.jpg,3
22797.jpg,3
22799.jpg,3
22800.jpg,4
22801.jpg,0
22804.jpg,3
22805.jpg,1
22807.jpg,4
22809.jpg,0
22810.jpg,0
22811.jpg,3
22812.jpg,0
22813.jpg,5
22814.jpg,0
22817.jpg,2
22818.jpg,4
22819.jpg,1
22820.jpg,3
22821.jpg,0
22822.jpg,2
22823.jpg,5
22824.jpg,2
22826.jpg,5
22827.jpg,0
22829.jpg,2
22830.jpg,2
22831.jpg,0
22832.jpg,4
22833.jpg,1
22834.jpg,2
22836.jpg,3
22837.jpg,1
22839.jpg,5
22842.jpg,2
22843.jpg,0
22844.jpg,4
22845.jpg,1
22846.jpg,3
22847.jpg,1
22848.jpg,3
22849.jpg,2
22850.jpg,2
22851.jpg,2
22852.jpg,3
22854.jpg,1
22855.jpg,2
22856.jpg,0
22857.jpg,2
22858.jpg,3
22859.jpg,4
22860.jpg,0
22862.jpg,1
22864.jpg,2
22866.jpg,3
22867.jpg,3
22868.jpg,3
22869.jpg,3
22870.jpg,0
22871.jpg,3
22875.jpg,4
22876.jpg,2
22877.jpg,5
22879.jpg,5
22881.jpg,0
22882.jpg,2
22883.jpg,4
22884.jpg,3
22885.jpg,3
22886.jpg,2
22887.jpg,4
22890.jpg,3
22891.jpg,4
22893.jpg,3
22895.jpg,3
22896.jpg,2
22897.jpg,5
22898.jpg,5
22899.jpg,0
22900.jpg,5
22903.jpg,5
22907.jpg,0
22908.jpg,3
22911.jpg,0
22912.jpg,0
22913.jpg,2
22915.jpg,0
22917.jpg,1
22919.jpg,2
22920.jpg,3
22921.jpg,3
22924.jpg,2
22925.jpg,2
22927.jpg,4
22928.jpg,4
22930.jpg,4
22933.jpg,5
22934.jpg,2
22935.jpg,0
22936.jpg,2
22938.jpg,5
22941.jpg,2
22942.jpg,2
22943.jpg,3
22944.jpg,1
22947.jpg,1
22948.jpg,3
22949.jpg,2
22950.jpg,3
22951.jpg,5
22952.jpg,5
22953.jpg,0
22954.jpg,2
22955.jpg,1
22956.jpg,0
22958.jpg,4
22959.jpg,3
22960.jpg,3
22961.jpg,4
22962.jpg,4
22963.jpg,2
22964.jpg,4
22965.jpg,5
22966.jpg,0
22967.jpg,0
22969.jpg,0
22970.jpg,5
22971.jpg,5
22973.jpg,1
22974.jpg,2
22976.jpg,0
22977.jpg,2
22978.jpg,0
22980.jpg,3
22982.jpg,2
22983.jpg,2
22986.jpg,1
22987.jpg,0
22988.jpg,5
22989.jpg,0
22990.jpg,4
22991.jpg,2
22992.jpg,3
22993.jpg,1
22994.jpg,2
22995.jpg,1
22996.jpg,5
22997.jpg,2
22998.jpg,2
23001.jpg,2
23002.jpg,0
23003.jpg,0
23004.jpg,3
23005.jpg,5
23006.jpg,4
23008.jpg,5
23009.jpg,0
23011.jpg,1
23012.jpg,0
23014.jpg,5
23016.jpg,2
23018.jpg,2
23022.jpg,2
23023.jpg,0
23024.jpg,3
23026.jpg,3
23027.jpg,4
23031.jpg,0
23032.jpg,1
23033.jpg,2
23036.jpg,2
23037.jpg,4
23040.jpg,4
23041.jpg,0
23042.jpg,4
23044.jpg,2
23045.jpg,4
23047.jpg,4
23048.jpg,0
23049.jpg,4
23051.jpg,3
23052.jpg,0
23053.jpg,1
23055.jpg,0
23058.jpg,4
23060.jpg,4
23061.jpg,1
23062.jpg,3
23065.jpg,1
23067.jpg,1
23068.jpg,5
23069.jpg,2
23070.jpg,1
23072.jpg,2
23073.jpg,5
23075.jpg,5
23076.jpg,5
23079.jpg,4
23084.jpg,1
23087.jpg,5
23088.jpg,1
23089.jpg,0
23090.jpg,0
23091.jpg,4
23093.jpg,0
23094.jpg,1
23096.jpg,0
23097.jpg,3
23098.jpg,2
23100.jpg,0
23101.jpg,1
23102.jpg,5
23103.jpg,3
23104.jpg,0
23105.jpg,3
23106.jpg,0
23107.jpg,1
23108.jpg,3
23109.jpg,0
23110.jpg,1
23111.jpg,0
23114.jpg,4
23116.jpg,0
23117.jpg,3
23118.jpg,5
23119.jpg,4
23122.jpg,1
23123.jpg,1
23124.jpg,4
23125.jpg,4
23126.jpg,3
23127.jpg,5
23130.jpg,1
23131.jpg,2
23133.jpg,2
23135.jpg,3
23136.jpg,0
23137.jpg,5
23138.jpg,2
23139.jpg,5
23141.jpg,3
23143.jpg,0
23144.jpg,0
23148.jpg,1
23149.jpg,2
23150.jpg,2
23151.jpg,2
23153.jpg,3
23154.jpg,3
23155.jpg,5
23156.jpg,1
23157.jpg,2
23159.jpg,4
23160.jpg,1
23161.jpg,5
23162.jpg,4
23163.jpg,5
23164.jpg,2
23165.jpg,3
23166.jpg,3
23167.jpg,1
23169.jpg,3
23171.jpg,3
23172.jpg,4
23174.jpg,2
23175.jpg,0
23176.jpg,3
23177.jpg,2
23179.jpg,0
23180.jpg,3
23181.jpg,1
23182.jpg,5
23183.jpg,5
23185.jpg,1
23186.jpg,0
23187.jpg,3
23188.jpg,0
23189.jpg,2
23191.jpg,0
23192.jpg,2
23193.jpg,0
23194.jpg,4
23195.jpg,5
23201.jpg,3
23205.jpg,4
23207.jpg,1
23208.jpg,1
23209.jpg,4
23210.jpg,3
23211.jpg,5
23212.jpg,3
23213.jpg,4
23215.jpg,0
23218.jpg,1
23219.jpg,2
23220.jpg,0
23221.jpg,2
23222.jpg,2
23223.jpg,2
23224.jpg,3
23225.jpg,5
23226.jpg,2
23227.jpg,1
23228.jpg,0
23229.jpg,2
23230.jpg,0
23232.jpg,3
23233.jpg,5
23234.jpg,0
23236.jpg,3
23237.jpg,4
23240.jpg,1
23241.jpg,1
23242.jpg,1
23243.jpg,3
23244.jpg,1
23245.jpg,3
23246.jpg,2
23247.jpg,2
23248.jpg,0
23250.jpg,4
23253.jpg,5
23254.jpg,2
23255.jpg,0
23256.jpg,2
23257.jpg,2
23259.jpg,1
23260.jpg,2
23261.jpg,1
23262.jpg,0
23263.jpg,5
23265.jpg,3
23266.jpg,3
23268.jpg,1
23269.jpg,0
23270.jpg,0
23271.jpg,5
23272.jpg,2
23273.jpg,5
23274.jpg,3
23275.jpg,4
23276.jpg,1
23277.jpg,3
23280.jpg,4
23281.jpg,3
23282.jpg,3
23283.jpg,3
23284.jpg,0
23285.jpg,3
23286.jpg,5
23287.jpg,0
23289.jpg,1
23290.jpg,5
23291.jpg,3
23292.jpg,2
23293.jpg,3
23294.jpg,2
23295.jpg,0
23296.jpg,2
23297.jpg,0
23298.jpg,4
23299.jpg,1
23301.jpg,0
23304.jpg,1
23306.jpg,0
23308.jpg,1
23309.jpg,1
23310.jpg,1
23312.jpg,3
23314.jpg,0
23315.jpg,0
23316.jpg,5
23317.jpg,0
23318.jpg,3
23319.jpg,5
23320.jpg,4
23321.jpg,1
23322.jpg,0
23324.jpg,0
23325.jpg,0
23327.jpg,3
23328.jpg,2
23329.jpg,0
23332.jpg,1
23333.jpg,3
23334.jpg,2
23336.jpg,2
23337.jpg,2
23338.jpg,0
23339.jpg,2
23342.jpg,4
23343.jpg,3
23344.jpg,1
23346.jpg,0
23348.jpg,2
23349.jpg,5
23351.jpg,4
23353.jpg,3
23355.jpg,0
23359.jpg,0
23360.jpg,1
23361.jpg,3
23362.jpg,2
23363.jpg,3
23365.jpg,0
23366.jpg,5
23367.jpg,2
23368.jpg,0
23369.jpg,4
23370.jpg,3
23371.jpg,1
23373.jpg,1
23375.jpg,0
23376.jpg,1
23377.jpg,1
23380.jpg,1
23381.jpg,4
23382.jpg,2
23383.jpg,2
23384.jpg,3
23385.jpg,5
23386.jpg,0
23387.jpg,3
23388.jpg,0
23389.jpg,5
23390.jpg,5
23392.jpg,2
23393.jpg,3
23398.jpg,2
23400.jpg,2
23401.jpg,4
23402.jpg,1
23404.jpg,1
23405.jpg,0
23406.jpg,1
23407.jpg,1
23408.jpg,3
23409.jpg,5
23411.jpg,5
23413.jpg,4
23416.jpg,2
23417.jpg,5
23418.jpg,4
23419.jpg,0
23420.jpg,5
23421.jpg,0
23423.jpg,2
23427.jpg,3
23428.jpg,3
23429.jpg,3
23430.jpg,1
23431.jpg,0
23432.jpg,3
23433.jpg,4
23435.jpg,0
23436.jpg,4
23437.jpg,2
23441.jpg,1
23442.jpg,0
23443.jpg,2
23444.jpg,5
23445.jpg,2
23446.jpg,0
23447.jpg,0
23448.jpg,2
23450.jpg,4
23451.jpg,3
23452.jpg,2
23453.jpg,1
23454.jpg,0
23455.jpg,5
23456.jpg,4
23457.jpg,3
23458.jpg,3
23459.jpg,0
23461.jpg,3
23462.jpg,1
23463.jpg,1
23464.jpg,0
23465.jpg,1
23466.jpg,2
23469.jpg,2
23470.jpg,3
23471.jpg,5
23472.jpg,1
23473.jpg,5
23474.jpg,1
23475.jpg,0
23476.jpg,1
23477.jpg,1
23478.jpg,2
23481.jpg,2
23484.jpg,2
23486.jpg,1
23487.jpg,4
23489.jpg,4
23490.jpg,0
23491.jpg,1
23492.jpg,2
23495.jpg,4
23496.jpg,3
23497.jpg,3
23498.jpg,1
23499.jpg,1
23502.jpg,1
23503.jpg,1
23505.jpg,0
23507.jpg,1
23509.jpg,1
23510.jpg,0
23511.jpg,3
23512.jpg,0
23515.jpg,2
23516.jpg,2
23520.jpg,4
23521.jpg,2
23522.jpg,3
23527.jpg,0
23528.jpg,1
23529.jpg,0
23530.jpg,5
23531.jpg,4
23534.jpg,1
23535.jpg,2
23536.jpg,4
23537.jpg,2
23538.jpg,3
23540.jpg,1
23541.jpg,3
23542.jpg,0
23543.jpg,1
23547.jpg,5
23548.jpg,4
23549.jpg,3
23550.jpg,0
23551.jpg,1
23552.jpg,0
23554.jpg,0
23555.jpg,0
23557.jpg,5
23559.jpg,3
23560.jpg,1
23562.jpg,3
23563.jpg,0
23564.jpg,0
23565.jpg,2
23567.jpg,1
23570.jpg,0
23573.jpg,5
23574.jpg,0
23575.jpg,1
23576.jpg,2
23577.jpg,5
23578.jpg,4
23579.jpg,2
23584.jpg,5
23585.jpg,0
23586.jpg,0
23587.jpg,3
23588.jpg,5
23589.jpg,2
23590.jpg,0
23591.jpg,1
23593.jpg,4
23594.jpg,0
23596.jpg,2
23597.jpg,1
23598.jpg,1
23600.jpg,1
23603.jpg,4
23604.jpg,0
23606.jpg,2
23608.jpg,2
23609.jpg,0
23610.jpg,4
23611.jpg,5
23612.jpg,5
23613.jpg,1
23616.jpg,5
23617.jpg,5
23619.jpg,3
23620.jpg,3
23623.jpg,2
23624.jpg,3
23625.jpg,5
23628.jpg,0
23629.jpg,2
23630.jpg,4
23632.jpg,1
23633.jpg,5
23635.jpg,4
23636.jpg,2
23637.jpg,0
23638.jpg,4
23639.jpg,0
23640.jpg,1
23641.jpg,2
23642.jpg,5
23643.jpg,0
23644.jpg,5
23647.jpg,3
23648.jpg,1
23649.jpg,3
23652.jpg,0
23653.jpg,2
23655.jpg,2
23656.jpg,2
23657.jpg,1
23658.jpg,4
23659.jpg,3
23660.jpg,0
23661.jpg,2
23663.jpg,1
23667.jpg,2
23668.jpg,1
23669.jpg,5
23675.jpg,0
23676.jpg,2
23677.jpg,2
23678.jpg,2
23679.jpg,2
23681.jpg,1
23682.jpg,2
23683.jpg,1
23684.jpg,2
23686.jpg,3
23687.jpg,3
23688.jpg,1
23689.jpg,5
23692.jpg,0
23694.jpg,1
23695.jpg,1
23697.jpg,3
23698.jpg,1
23700.jpg,1
23702.jpg,3
23703.jpg,2
23705.jpg,2
23707.jpg,5
23708.jpg,4
23709.jpg,1
23710.jpg,2
23711.jpg,3
23712.jpg,2
23713.jpg,1
23714.jpg,2
23715.jpg,3
23716.jpg,3
23717.jpg,5
23718.jpg,2
23721.jpg,5
23723.jpg,1
23724.jpg,2
23725.jpg,4
23726.jpg,0
23727.jpg,0
23728.jpg,1
23729.jpg,5
23731.jpg,3
23733.jpg,5
23734.jpg,3
23735.jpg,0
23736.jpg,3
23737.jpg,0
23738.jpg,2
23739.jpg,3
23741.jpg,3
23743.jpg,1
23744.jpg,4
23745.jpg,5
23746.jpg,3
23747.jpg,1
23748.jpg,0
23749.jpg,5
23750.jpg,1
23753.jpg,2
23756.jpg,4
23757.jpg,0
23758.jpg,5
23759.jpg,3
23760.jpg,1
23761.jpg,4
23762.jpg,0
23764.jpg,1
23766.jpg,5
23769.jpg,2
23771.jpg,2
23773.jpg,5
23774.jpg,3
23775.jpg,0
23776.jpg,0
23779.jpg,5
23780.jpg,2
23781.jpg,5
23782.jpg,1
23783.jpg,0
23785.jpg,2
23786.jpg,4
23791.jpg,1
23792.jpg,2
23793.jpg,5
23794.jpg,1
23795.jpg,5
23796.jpg,5
23797.jpg,3
23798.jpg,1
23801.jpg,2
23804.jpg,2
23806.jpg,0
23807.jpg,3
23808.jpg,3
23810.jpg,5
23812.jpg,4
23813.jpg,1
23814.jpg,5
23815.jpg,0
23816.jpg,2
23817.jpg,1
23818.jpg,1
23819.jpg,1
23821.jpg,5
23822.jpg,2
23825.jpg,0
23826.jpg,3
23829.jpg,2
23830.jpg,3
23833.jpg,0
23835.jpg,0
23837.jpg,2
23838.jpg,2
23841.jpg,2
23843.jpg,2
23845.jpg,2
23846.jpg,0
23848.jpg,2
23851.jpg,0
23852.jpg,1
23853.jpg,1
23854.jpg,5
23855.jpg,4
23859.jpg,0
23860.jpg,5
23861.jpg,4
23862.jpg,1
23865.jpg,1
23866.jpg,0
23867.jpg,2
23868.jpg,3
23869.jpg,2
23870.jpg,2
23871.jpg,2
23872.jpg,3
23873.jpg,1
23874.jpg,1
23875.jpg,1
23876.jpg,0
23877.jpg,1
23879.jpg,1
23883.jpg,2
23884.jpg,2
23885.jpg,4
23886.jpg,0
23888.jpg,2
23889.jpg,4
23890.jpg,0
23892.jpg,5
23896.jpg,3
23898.jpg,2
23899.jpg,0
23900.jpg,0
23901.jpg,4
23902.jpg,4
23903.jpg,2
23906.jpg,2
23907.jpg,0
23908.jpg,0
23909.jpg,3
23910.jpg,2
23912.jpg,1
23915.jpg,0
23918.jpg,3
23919.jpg,2
23920.jpg,2
23923.jpg,3
23925.jpg,1
23926.jpg,3
23927.jpg,3
23928.jpg,1
23929.jpg,2
23930.jpg,1
23931.jpg,1
23932.jpg,0
23933.jpg,1
23935.jpg,5
23936.jpg,0
23937.jpg,5
23938.jpg,2
23939.jpg,3
23942.jpg,3
23943.jpg,5
23945.jpg,0
23947.jpg,4
23948.jpg,5
23949.jpg,1
23950.jpg,0
23951.jpg,3
23952.jpg,2
23955.jpg,0
23956.jpg,2
23958.jpg,1
23959.jpg,2
23961.jpg,5
23962.jpg,2
23964.jpg,4
23965.jpg,4
23967.jpg,5
23968.jpg,5
23969.jpg,3
23972.jpg,0
23973.jpg,1
23974.jpg,4
23975.jpg,3
23976.jpg,4
23977.jpg,2
23978.jpg,3
23979.jpg,5
23981.jpg,1
23982.jpg,0
23984.jpg,1
23986.jpg,3
23987.jpg,1
23988.jpg,2
23989.jpg,0
23990.jpg,2
23993.jpg,3
23995.jpg,5
23997.jpg,0
23998.jpg,3
24000.jpg,3
24001.jpg,2
24004.jpg,3
24005.jpg,1
24006.jpg,3
24007.jpg,1
24008.jpg,2
24009.jpg,5
24010.jpg,0
24011.jpg,2
24013.jpg,2
24016.jpg,5
24017.jpg,0
24018.jpg,3
24019.jpg,0
24020.jpg,3
24021.jpg,2
24022.jpg,2
24023.jpg,0
24024.jpg,5
24026.jpg,5
24027.jpg,3
24029.jpg,2
24032.jpg,3
24033.jpg,1
24034.jpg,2
24036.jpg,3
24037.jpg,2
24039.jpg,1
24040.jpg,5
24041.jpg,3
24043.jpg,3
24044.jpg,3
24045.jpg,1
24047.jpg,1
24049.jpg,2
24050.jpg,0
24051.jpg,1
24052.jpg,5
24053.jpg,0
24055.jpg,4
24056.jpg,2
24057.jpg,2
24058.jpg,4
24059.jpg,2
24060.jpg,2
24062.jpg,0
24063.jpg,0
24066.jpg,3
24070.jpg,0
24072.jpg,1
24073.jpg,4
24075.jpg,3
24076.jpg,4
24077.jpg,5
24078.jpg,0
24080.jpg,3
24082.jpg,1
24083.jpg,0
24085.jpg,5
24086.jpg,3
24087.jpg,0
24088.jpg,4
24091.jpg,3
24094.jpg,2
24095.jpg,0
24096.jpg,0
24097.jpg,5
24098.jpg,1
24099.jpg,2
24100.jpg,1
24101.jpg,0
24103.jpg,0
24106.jpg,5
24107.jpg,4
24108.jpg,1
24109.jpg,2
24110.jpg,1
24111.jpg,0
24112.jpg,2
24113.jpg,2
24115.jpg,4
24118.jpg,5
24119.jpg,5
24120.jpg,0
24122.jpg,3
24123.jpg,2
24124.jpg,5
24126.jpg,0
24127.jpg,3
24128.jpg,4
24129.jpg,0
24130.jpg,1
24131.jpg,0
24132.jpg,0
24133.jpg,2
24135.jpg,5
24136.jpg,3
24137.jpg,1
24138.jpg,1
24139.jpg,0
24141.jpg,5
24143.jpg,1
24145.jpg,1
24146.jpg,3
24147.jpg,2
24149.jpg,5
24150.jpg,2
24152.jpg,2
24153.jpg,5
24154.jpg,3
24155.jpg,2
24158.jpg,4
24159.jpg,1
24160.jpg,0
24161.jpg,5
24163.jpg,3
24165.jpg,3
24166.jpg,2
24167.jpg,4
24169.jpg,3
24170.jpg,4
24171.jpg,2
24172.jpg,5
24173.jpg,2
24174.jpg,3
24175.jpg,5
24176.jpg,0
24177.jpg,1
24178.jpg,1
24179.jpg,0
24180.jpg,2
24181.jpg,2
24184.jpg,3
24185.jpg,0
24186.jpg,2
24187.jpg,3
24189.jpg,3
24190.jpg,3
24193.jpg,2
24195.jpg,2
24196.jpg,2
24197.jpg,0
24198.jpg,0
24199.jpg,5
242.jpg,0
24200.jpg,2
24201.jpg,2
24203.jpg,0
24204.jpg,3
24205.jpg,0
24206.jpg,1
24207.jpg,4
24208.jpg,4
24209.jpg,3
24211.jpg,3
24212.jpg,5
24213.jpg,3
24214.jpg,3
24215.jpg,2
24218.jpg,4
24219.jpg,2
24220.jpg,1
24221.jpg,1
24222.jpg,5
24223.jpg,0
24224.jpg,0
24226.jpg,1
24228.jpg,1
24229.jpg,0
24230.jpg,5
24231.jpg,0
24234.jpg,1
24235.jpg,3
24236.jpg,2
24237.jpg,4
24239.jpg,1
24241.jpg,1
24242.jpg,3
24244.jpg,2
24245.jpg,3
24246.jpg,4
24247.jpg,3
24248.jpg,2
24249.jpg,2
24250.jpg,5
24251.jpg,1
24252.jpg,3
24254.jpg,1
24256.jpg,1
24258.jpg,0
24260.jpg,1
24261.jpg,2
24262.jpg,0
24263.jpg,3
24264.jpg,5
24265.jpg,5
24266.jpg,2
24267.jpg,2
24268.jpg,5
24269.jpg,5
24270.jpg,5
24271.jpg,0
24273.jpg,3
24274.jpg,2
24275.jpg,0
24277.jpg,2
24279.jpg,3
24280.jpg,0
24282.jpg,3
24283.jpg,0
24284.jpg,3
24285.jpg,3
24286.jpg,3
24287.jpg,3
24290.jpg,5
24292.jpg,5
24294.jpg,2
24295.jpg,3
24297.jpg,2
24299.jpg,2
24300.jpg,5
24301.jpg,2
24304.jpg,2
24309.jpg,3
24310.jpg,2
24311.jpg,3
24312.jpg,1
24313.jpg,1
24314.jpg,1
24315.jpg,3
24317.jpg,0
24319.jpg,3
24320.jpg,0
24321.jpg,3
24322.jpg,0
24323.jpg,3
24324.jpg,1
24325.jpg,4
24328.jpg,3
24329.jpg,4
24332.jpg,5
24334.jpg,2
244.jpg,0
278.jpg,0
302.jpg,0
350.jpg,0
351.jpg,0
388.jpg,0
458.jpg,0
497.jpg,5
5.jpg,0
513.jpg,0
515.jpg,1
520.jpg,0
546.jpg,0
548.jpg,0
605.jpg,0
61.jpg,0
614.jpg,5
615.jpg,5
616.jpg,0
645.jpg,0
655.jpg,5
668.jpg,0
671.jpg,0
691.jpg,3
692.jpg,1
700.jpg,5
73.jpg,0
736.jpg,0
740.jpg,0
745.jpg,1
797.jpg,0
811.jpg,5
837.jpg,0
849.jpg,0
854.jpg,0
920.jpg,1
949.jpg,0
952.jpg,0
961.jpg,0
989.jpg,0
